category,display_name,icon,when_to_use,file_name
collaboration,Collaboration & Stakeholder Input,ğŸ‘¥,requirements gathering; stakeholder input; multiple perspectives; balancing competing interests,collaboration.md
advanced,Advanced Reasoning,ğŸ§ ,complex problems with multiple valid approaches; systems thinking; strategic planning,advanced.md
competitive,Competitive Stress-Testing,âš”ï¸,stress-testing ideas; finding vulnerabilities; validation; business viability,competitive.md
technical,Technical & Architecture,ğŸ—ï¸,architecture decisions; code review; security audits; performance analysis,technical.md
creative,Creative & Ideation,ğŸ’¡,brainstorming; innovation; breaking creative blocks; exploring alternatives,creative.md
research,Research & Evidence,ğŸ”¬,evaluating sources; defending hypotheses; evidence-based decisions,research.md
risk,Risk Analysis,âš ï¸,before launches; planning; failure prevention; evaluating potential failures,risk.md
core,Core Analysis Techniques,ğŸ¯,fundamental analysis; always applicable; any problem-solving,core.md
learning,Learning & Understanding,ğŸ“š,verify comprehension; identify knowledge gaps; teach concepts,learning.md
philosophical,Philosophical & Simplification,ğŸ¤”,debugging; ethical decisions; seeking simplest solution,philosophical.md
retrospective,Retrospective & Reflection,ğŸ”„,after projects; lessons learned; gaining perspective on past decisions,retrospective.md
anti-bias,Anti-Bias & Honesty Verification,ğŸ”,verify agent honesty; detect lazy thinking; ensure genuine effort,anti-bias.md
challenge,Challenge & Assumption Testing,â“,test assumptions; find hidden dependencies; challenge overconfidence,challenge.md
meta-check,Meta-Check & Self-Verification,ğŸª,verify own work; detect metric gaming; acknowledge analysis limits,meta-check.md
sanity,Sanity Checks & Quality Gates,âœ…,BEFORE FINALIZING ANY OUTPUT - mandatory quality checks,sanity.md
coherence,Coherence Testing,ğŸ§¬,verifying system coherence; integration quality; checking if new elements fit existing patterns,coherence.md
